"Tract ID","STATE2KX","CNTY2KX","TRACT2KX","e(0)","se(e(0))","Abridged life table flag"
55001950201,55,001,950201,74.5,2.5471,3
55001950400,55,001,950400,74.6,1.3496,3
55001950501,55,001,950501,80.1,2.6382,3
55001950502,55,001,950502,76.7,2.1752,3
55001950700,55,001,950700,80,1.6983,3
55003940000,55,003,940000,75.1,1.8237,3
55003950300,55,003,950300,79.2,2.2817,3
55003950400,55,003,950400,70.6,2.1109,3
55003950500,55,003,950500,79.6,1.4097,3
55003950700,55,003,950700,79.9,1.8718,3
55003950800,55,003,950800,78,1.7321,3
55005000100,55,005,000100,84.3,1.8508,3
55005000200,55,005,000200,78.5,1.3852,3
55005000300,55,005,000300,80.1,1.1224,3
55005000400,55,005,000400,75.4,1.1356,3
55005000500,55,005,000500,80,1.5123,3
55005000600,55,005,000600,75.1,1.5434,3
55005000800,55,005,000800,78.7,1.0679,2
55005000900,55,005,000900,77.3,1.3297,3
55005001001,55,005,001001,83,2.1815,3
55005001002,55,005,001002,77.8,1.5752,3
55007960100,55,007,960100,79.9,2.0814,3
55007960200,55,007,960200,85.7,3.6356,3
55007960300,55,007,960300,78.6,0.983,3
55007960400,55,007,960400,79.5,1.3607,3
55007960600,55,007,960600,80.8,1.7733,3
55009000100,55,009,000100,77.4,2.9489,3
55009000200,55,009,000200,81.2,1.9588,3
55009000302,55,009,000302,78.4,1.9925,3
55009000303,55,009,000303,70.9,2.3031,3
55009000401,55,009,000401,73.5,1.9253,1
55009000500,55,009,000500,77.4,2.7423,3
55009000600,55,009,000600,86.7,2.4414,3
55009000700,55,009,000700,76.7,1.7598,3
55009000900,55,009,000900,75.8,1.2908,3
55009001000,55,009,001000,74.5,3.4721,3
55009001100,55,009,001100,76.3,2.6056,3
55009001200,55,009,001200,72.3,3.2144,3
55009001300,55,009,001300,73,1.5004,3
55009001400,55,009,001400,79.7,2.4834,3
55009001702,55,009,001702,76.8,1.3507,3
55009001801,55,009,001801,76.6,1.2733,3
55009001802,55,009,001802,85.8,2.5837,3
55009002001,55,009,002001,79.5,1.4141,3
55009002002,55,009,002002,79.9,2.2931,3
55009002003,55,009,002003,83.7,2.9018,3
55009010100,55,009,010100,85.1,3.0193,3
55009010201,55,009,010201,78.2,1.9216,3
55009010202,55,009,010202,76.1,1.5178,3
55009010300,55,009,010300,82,1.5444,3
55009020100,55,009,020100,80,1.4519,3
55009020203,55,009,020203,78.6,2.4722,3
55009020204,55,009,020204,83.2,2.4569,3
55009020503,55,009,020503,79.9,1.2805,3
55009020504,55,009,020504,82.3,3.9128,3
55009020600,55,009,020600,80.5,1.649,3
55009020702,55,009,020702,77,1.1907,3
55009020703,55,009,020703,82.1,2.0993,3
55009020704,55,009,020704,80.3,1.6306,3
55009020800,55,009,020800,69.9,1.7535,3
55009020900,55,009,020900,78.9,1.2775,3
55009021000,55,009,021000,78.9,1.4896,3
55009021200,55,009,021200,82,2.6221,3
55009021301,55,009,021301,80.8,1.6743,3
55009021302,55,009,021302,81.9,1.9241,1
55009021303,55,009,021303,69.4,1.4621,3
55009021304,55,009,021304,80.4,3.1348,3
55009021400,55,009,021400,83.7,1.7166,3
55009021500,55,009,021500,82.1,1.8446,3
55009021600,55,009,021600,80.9,2.7252,3
55009940001,55,009,940001,81.4,1.4083,3
55009940002,55,009,940002,81.8,1.4792,3
55009940003,55,009,940003,84.8,2.898,3
55009940004,55,009,940004,80.6,2.6303,3
55011960200,55,011,960200,74.3,1.8897,3
55011960300,55,011,960300,82.1,1.8369,3
55011960400,55,011,960400,85.5,1.9747,3
55011960500,55,011,960500,81.2,1.3793,3
55013970400,55,013,970400,81.1,1.4618,3
55013970600,55,013,970600,77.2,1.2713,3
55013970700,55,013,970700,74.3,2.5238,3
55013970800,55,013,970800,81,2.1813,3
55013970900,55,013,970900,77.5,1.81,3
55013971000,55,013,971000,79.1,1.7248,3
55015020100,55,015,020100,79.4,1.3877,3
55015020200,55,015,020200,80.6,1.1609,3
55015020303,55,015,020303,78,1.4996,3
55015020304,55,015,020304,80.8,2.1355,3
55015020306,55,015,020306,87.2,3.1894,3
55015020308,55,015,020308,82,1.928,3
55015020400,55,015,020400,84,2.0039,3
55015020500,55,015,020500,77.9,1.6131,3
55015020600,55,015,020600,77.8,1.3686,3
55015020700,55,015,020700,81.4,3.5324,2
55015020800,55,015,020800,79.6,1.8996,3
55017010100,55,017,010100,77.9,2.4947,3
55017010200,55,017,010200,77.9,1.2132,3
55017010300,55,017,010300,79.5,1.6584,3
55017010400,55,017,010400,78.7,1.4358,3
55017010500,55,017,010500,75.4,1.3837,3
55017010700,55,017,010700,84.8,2.6509,3
55017010800,55,017,010800,85,1.7217,3
55017010900,55,017,010900,80.7,1.5504,3
55017011000,55,017,011000,80.3,1.2341,3
55017011100,55,017,011100,80.9,1.1497,3
55017011200,55,017,011200,79.1,1.1198,3
55019950100,55,019,950100,76.6,1.4646,3
55019950200,55,019,950200,81.4,1.4118,3
55019950300,55,019,950300,80.2,1.2128,3
55019950400,55,019,950400,83.2,1.7742,3
55019950500,55,019,950500,84.7,1.8776,3
55019950600,55,019,950600,81.3,1.0535,3
55019950700,55,019,950700,78.1,1.6583,3
55019950800,55,019,950800,81.1,1.3959,3
55021970100,55,021,970100,82.8,1.3817,3
55021970200,55,021,970200,83.4,2.3545,3
55021970300,55,021,970300,74.4,1.2654,3
55021970400,55,021,970400,78,1.4777,3
55021970500,55,021,970500,73.3,1.303,3
55021970600,55,021,970600,85.8,1.9845,3
55021970700,55,021,970700,78.2,1.3073,3
55021970800,55,021,970800,79.4,1.3332,3
55021970900,55,021,970900,82.9,1.7706,3
55021971000,55,021,971000,79.9,1.192,3
55021971100,55,021,971100,81.9,1.6509,3
55021971200,55,021,971200,82.8,2.1777,3
55023960100,55,023,960100,76.2,1.6292,3
55023960200,55,023,960200,80.6,2.224,3
55023960300,55,023,960300,79.8,1.7999,3
55023960400,55,023,960400,80,1.6929,3
55023960500,55,023,960500,85.2,3.1814,3
55023960600,55,023,960600,76.3,2.1234,3
55025000100,55,025,000100,80.9,1.6699,3
55025000201,55,025,000201,81.4,2.416,3
55025000202,55,025,000202,88.9,3.3552,3
55025000204,55,025,000204,82.7,2.6421,3
55025000205,55,025,000205,85.2,2.4897,3
55025000300,55,025,000300,83.1,2.5707,3
55025000401,55,025,000401,83.1,2.8422,3
55025000402,55,025,000402,83.5,2.7018,3
55025000407,55,025,000407,81.5,2.5254,3
55025000501,55,025,000501,79.6,1.9025,3
55025000503,55,025,000503,85.9,3.5928,3
55025000504,55,025,000504,79,1.9137,3
55025000600,55,025,000600,81.5,3.138,3
55025000800,55,025,000800,85.4,2.8441,3
55025000901,55,025,000901,85.9,3.4779,3
55025001000,55,025,001000,80.6,2.0494,3
55025001300,55,025,001300,75.7,1.9022,3
55025001402,55,025,001402,77.1,3.3747,3
55025001403,55,025,001403,79.5,1.6361,3
55025001501,55,025,001501,80.3,2.9592,3
55025001502,55,025,001502,75.3,2.3949,3
55025001804,55,025,001804,75.6,3.4484,3
55025002100,55,025,002100,79.4,2.6016,3
55025002200,55,025,002200,76.2,1.936,3
55025002301,55,025,002301,80,1.9893,3
55025002401,55,025,002401,78.2,1.5734,3
55025002402,55,025,002402,74.9,1.6515,3
55025002500,55,025,002500,74,3.9168,2
55025002601,55,025,002601,74.7,2.2997,3
55025002602,55,025,002602,85.5,3.85,3
55025002603,55,025,002603,81,3.7272,3
55025002700,55,025,002700,78.5,1.5938,3
55025002800,55,025,002800,79.5,2.0874,3
55025002900,55,025,002900,80.7,2.0538,3
55025003001,55,025,003001,78.1,1.2355,3
55025003002,55,025,003002,78.4,2.4675,3
55025003100,55,025,003100,82.1,2.3689,3
55025010100,55,025,010100,85.8,3.6157,3
55025010300,55,025,010300,82.3,2.0697,3
55025010400,55,025,010400,75.7,1.7986,3
55025010502,55,025,010502,80.9,1.5778,3
55025010600,55,025,010600,82.8,3.2994,3
55025010701,55,025,010701,81.8,1.751,3
55025010702,55,025,010702,79.4,1.5086,3
55025010800,55,025,010800,78.5,1.1166,3
55025010901,55,025,010901,78.9,1.5765,3
55025010903,55,025,010903,81.7,3.2965,3
55025010904,55,025,010904,82.2,1.6825,3
55025011000,55,025,011000,80.5,1.6597,3
55025011101,55,025,011101,81.5,2.1196,3
55025011102,55,025,011102,82.6,2.091,3
55025011200,55,025,011200,84,1.5418,3
55025011301,55,025,011301,80.4,1.9947,3
55025011302,55,025,011302,79.4,1.8366,3
55025011401,55,025,011401,77.7,1.1117,3
55025011402,55,025,011402,79.8,1.3728,3
55025011503,55,025,011503,82.1,1.5491,3
55025011505,55,025,011505,76.2,1.5557,3
55025011506,55,025,011506,77.6,1.4616,3
55025011600,55,025,011600,82.2,1.5591,3
55025011700,55,025,011700,82.3,2.5981,3
55025011800,55,025,011800,79.4,1.4549,3
55025011900,55,025,011900,81.4,1.0275,1
55025012001,55,025,012001,78.3,1.8192,3
55025012002,55,025,012002,84.2,2.5413,3
55025012100,55,025,012100,77.8,2.4249,3
55025012202,55,025,012202,78.4,1.3211,3
55025012300,55,025,012300,79.6,2.2159,3
55025012400,55,025,012400,83,1.8127,3
55025012501,55,025,012501,80.1,1.6859,3
55025012502,55,025,012502,81.7,3.0872,3
55025012600,55,025,012600,83.1,1.3448,3
55025012700,55,025,012700,82.5,2.2618,3
55025012800,55,025,012800,78.3,1.806,3
55025012900,55,025,012900,82.4,1.455,3
55025013000,55,025,013000,80.7,1.3194,3
55025013100,55,025,013100,81.5,1.7338,3
55025013200,55,025,013200,84.5,2.2792,3
55025013302,55,025,013302,80.2,1.7416,3
55025013700,55,025,013700,80.6,1.9624,3
55027960100,55,027,960100,79.3,1.0455,3
55027960200,55,027,960200,85.1,2.793,3
55027960300,55,027,960300,75,1.3233,3
55027960500,55,027,960500,80,1.128,3
55027960600,55,027,960600,78.6,1.3707,3
55027960700,55,027,960700,80.7,1.7028,3
55027960900,55,027,960900,73.7,1.2134,3
55027961000,55,027,961000,73.7,3.3158,3
55027961100,55,027,961100,77.9,1.5743,3
55027961200,55,027,961200,78.4,1.5013,3
55027961300,55,027,961300,78.9,1.7222,3
55027961400,55,027,961400,83.1,1.5931,3
55027961500,55,027,961500,83.8,1.5686,3
55027961600,55,027,961600,81,1.0244,3
55027961700,55,027,961700,81.4,1.4318,3
55027961800,55,027,961800,80.9,1.5808,3
55027961900,55,027,961900,79.1,1.8444,3
55027962000,55,027,962000,70.1,2.2395,3
55029100100,55,029,100100,81.2,3.3681,3
55029100300,55,029,100300,77.7,2.6954,3
55029100500,55,029,100500,85.4,2.5701,3
55029100600,55,029,100600,80.2,1.5214,3
55029100700,55,029,100700,75.2,1.5628,3
55029100800,55,029,100800,79.6,1.2576,3
55029100900,55,029,100900,72.2,3.5717,3
55029101000,55,029,101000,79.7,1.9935,3
55031020300,55,031,020300,73.3,2.0405,3
55031020400,55,031,020400,73.3,3.9794,3
55031020500,55,031,020500,82.4,3.8334,3
55031020600,55,031,020600,75.3,1.797,3
55031020700,55,031,020700,76.7,2.2692,3
55031020800,55,031,020800,76.2,1.5996,3
55031020900,55,031,020900,77.5,1.8492,3
55031030100,55,031,030100,84.9,2.2442,1
55031030200,55,031,030200,77.7,0.9658,3
55031030300,55,031,030300,84.3,1.6563,3
55033970100,55,033,970100,86.4,2.3069,3
55033970200,55,033,970200,82.5,1.5296,3
55033970300,55,033,970300,80.8,1.5779,3
55033970400,55,033,970400,82.1,1.2324,3
55033970500,55,033,970500,78.2,1.2551,3
55033970600,55,033,970600,84.3,3.2248,3
55033970800,55,033,970800,77,1.9637,3
55035000100,55,035,000100,78.3,1.2251,1
55035000200,55,035,000200,82.8,2.0738,3
55035000400,55,035,000400,76.6,1.2759,1
55035000502,55,035,000502,80,1.4638,3
55035000600,55,035,000600,76,1.9436,3
55035000700,55,035,000700,84.6,3.5699,3
55035000801,55,035,000801,80.1,1.7812,3
55035000803,55,035,000803,76.5,1.6926,3
55035000900,55,035,000900,80.2,1.9256,3
55035001300,55,035,001300,76.9,1.2418,3
55035001400,55,035,001400,74.1,1.174,3
55035001500,55,035,001500,80.5,1.6975,3
55035001600,55,035,001600,83.5,1.3426,3
55037190100,55,037,190100,80.3,1.7155,3
55037190200,55,037,190200,79.2,2.7682,3
55039040100,55,039,040100,79.2,1.6037,3
55039040300,55,039,040300,79.3,1.7319,3
55039040400,55,039,040400,78.3,1.5838,3
55039040500,55,039,040500,75,1.9934,3
55039040700,55,039,040700,84,2.9395,3
55039040900,55,039,040900,69.7,1.5869,1
55039041100,55,039,041100,79.6,1.239,1
55039041300,55,039,041300,78.5,1.2557,3
55039041400,55,039,041400,82,1.1056,3
55039041500,55,039,041500,75.5,1.276,3
55039041600,55,039,041600,81.8,1.8914,3
55039041700,55,039,041700,83.7,1.5861,3
55039041800,55,039,041800,83.8,1.5919,3
55039041900,55,039,041900,83.5,1.174,3
55039042000,55,039,042000,83.6,1.5802,3
55039042100,55,039,042100,84,2.0116,3
55039042200,55,039,042200,83.5,1.7656,3
55041950100,55,041,950100,78.5,2.3887,3
55041950200,55,041,950200,76.9,1.8033,3
55041950300,55,041,950300,77.3,1.2368,3
55041950400,55,041,950400,78,1.7149,3
55043960100,55,043,960100,78.7,1.5856,3
55043960200,55,043,960200,77.4,1.3987,3
55043960300,55,043,960300,77.8,1.5633,3
55043960400,55,043,960400,82.3,1.4822,3
55043960500,55,043,960500,81.9,1.5296,3
55043960600,55,043,960600,78.5,1.3024,3
55043960700,55,043,960700,78.5,1.1676,3
55043960800,55,043,960800,82.3,1.3965,3
55043960900,55,043,960900,80.1,2.2478,3
55043961100,55,043,961100,77.6,1.2263,3
55043961200,55,043,961200,80.2,1.6622,3
55045960100,55,045,960100,82.4,1.3186,3
55045960200,55,045,960200,81.2,1.1002,3
55045960300,55,045,960300,76.7,1.3866,1
55045960400,55,045,960400,74.5,1.6915,3
55045960500,55,045,960500,78.3,1.558,3
55045960600,55,045,960600,82.2,2.0247,3
55045960700,55,045,960700,82.7,1.3276,3
55045960800,55,045,960800,79.8,1.5922,3
55047100100,55,047,100100,74.6,1.6017,3
55047100200,55,047,100200,78.8,1.9354,3
55047100300,55,047,100300,76.7,1.5363,3
55047100400,55,047,100400,78.4,1.7252,3
55047100500,55,047,100500,84.5,1.986,3
55047100600,55,047,100600,79.2,1.3024,3
55049950100,55,049,950100,83,1.3015,3
55049950200,55,049,950200,81.8,1.3989,3
55049950300,55,049,950300,80.4,1.344,3
55049950400,55,049,950400,78.1,1.4197,3
55049950500,55,049,950500,84.6,1.5967,3
55049950600,55,049,950600,76.3,1.6339,3
55051180100,55,051,180100,77.1,1.3811,3
55051180200,55,051,180200,82.2,3.5272,3
55051180300,55,051,180300,81.1,2.7335,3
55053960100,55,053,960100,78,1.399,3
55053960200,55,053,960200,80.2,1.2519,3
55053960300,55,053,960300,81.8,1.6795,3
55053960400,55,053,960400,85.3,2.3645,3
55053960500,55,053,960500,73.5,1.274,3
55055100100,55,055,100100,85.8,2.788,3
55055100200,55,055,100200,79.8,2.6641,3
55055100300,55,055,100300,79.3,1.3787,3
55055100400,55,055,100400,81.5,1.0942,3
55055100500,55,055,100500,81.4,2.108,3
55055100601,55,055,100601,82.7,3.4645,3
55055100602,55,055,100602,87.2,3.484,3
55055100700,55,055,100700,81.3,1.4137,3
55055100800,55,055,100800,81.4,1.6642,3
55055100900,55,055,100900,83.5,2.0187,3
55055101000,55,055,101000,79.6,1.5783,3
55055101100,55,055,101100,74.5,1.3889,3
55055101201,55,055,101201,79.9,1.8489,3
55055101202,55,055,101202,76.1,2.3671,3
55055101300,55,055,101300,79.3,1.5566,3
55055101400,55,055,101400,78.8,2.0066,3
55055101500,55,055,101500,77.2,1.5714,3
55055101701,55,055,101701,77.9,1.499,3
55055101702,55,055,101702,81.4,1.729,3
55057100100,55,057,100100,80.2,1.4666,3
55057100200,55,057,100200,82.3,1.342,3
55057100300,55,057,100300,78.1,2.0807,3
55057100400,55,057,100400,77.8,1.3145,3
55057100500,55,057,100500,78,1.7094,3
55057100600,55,057,100600,76.7,1.5749,3
55057100700,55,057,100700,78,1.3259,3
55059000100,55,059,000100,77.8,2.0993,3
55059000400,55,059,000400,75.5,1.4249,3
55059000601,55,059,000601,81.5,1.9329,3
55059000602,55,059,000602,79.3,1.1432,2
55059000700,55,059,000700,75.7,1.4972,3
55059000800,55,059,000800,74.7,2.3302,3
55059000900,55,059,000900,74.2,2.334,3
55059001000,55,059,001000,72.8,2.0234,3
55059001100,55,059,001100,67,2.0843,3
55059001200,55,059,001200,74.8,1.5729,3
55059001300,55,059,001300,78.8,2.465,3
55059001400,55,059,001400,78,1.1368,3
55059001500,55,059,001500,76.7,1.9571,3
55059001700,55,059,001700,75,1.9063,3
55059001800,55,059,001800,75.3,1.9963,3
55059002000,55,059,002000,85.1,2.9621,3
55059002100,55,059,002100,71.6,1.5685,3
55059002200,55,059,002200,78.4,2.0064,3
55059002300,55,059,002300,76.7,1.3785,3
55059002400,55,059,002400,81.7,2.7946,3
55059002500,55,059,002500,79.6,3.0247,3
55059002601,55,059,002601,77.5,1.0139,3
55059002602,55,059,002602,76.2,1.0462,3
55059002700,55,059,002700,80,1.5329,3
55059002800,55,059,002800,81.3,1.8368,1
55059002903,55,059,002903,77.9,1.6875,3
55059002904,55,059,002904,82.9,2.8858,3
55059002905,55,059,002905,78.6,1.4288,3
55059002906,55,059,002906,79.5,1.7483,3
55059003001,55,059,003001,82.3,2.5379,3
55059003002,55,059,003002,79,1.6133,3
55061960100,55,061,960100,79.3,2.0031,3
55061960400,55,061,960400,84.5,1.2407,3
55061960500,55,061,960500,80.2,1.1331,3
55063000200,55,063,000200,75.3,1.7047,3
55063000300,55,063,000300,74.6,3.0397,3
55063000600,55,063,000600,80.7,0.9725,2
55063000700,55,063,000700,80.3,1.5562,3
55063000900,55,063,000900,68,2.1743,3
55063001101,55,063,001101,81.2,2.3644,3
55063001102,55,063,001102,73.7,1.4473,3
55063001200,55,063,001200,82.5,1.8427,3
55063010101,55,063,010101,85.8,1.9656,3
55063010102,55,063,010102,74.4,1.3653,1
55063010201,55,063,010201,81.5,1.4934,3
55063010202,55,063,010202,81.3,2.0003,3
55063010300,55,063,010300,78.5,1.4435,3
55063010401,55,063,010401,88.6,2.7845,3
55063010402,55,063,010402,80.8,1.7922,3
55063010500,55,063,010500,79.1,1.5513,3
55063010600,55,063,010600,84.2,2.587,3
55063010700,55,063,010700,74.4,3.408,3
55063010800,55,063,010800,81.1,3.2989,3
55065970100,55,065,970100,81.8,1.6335,3
55065970200,55,065,970200,78.7,1.6145,3
55065970300,55,065,970300,85.4,2.4553,3
55065970400,55,065,970400,82.4,2.1788,3
55065970500,55,065,970500,84,1.9336,3
55067960100,55,067,960100,78.2,2.1512,3
55067960300,55,067,960300,87.8,3.1878,3
55067960500,55,067,960500,79.4,3.1289,3
55067960600,55,067,960600,78.4,1.8352,3
55067960700,55,067,960700,75,1.2018,3
55069960100,55,069,960100,79.7,2.3861,3
55069960200,55,069,960200,72.5,1.9089,3
55069960300,55,069,960300,83.7,2.6304,3
55069960400,55,069,960400,80.7,3.0691,3
55069960500,55,069,960500,78.7,1.7301,3
55069960600,55,069,960600,81.5,1.2943,3
55069960700,55,069,960700,82.2,2.2015,3
55069960800,55,069,960800,76.9,1.5067,3
55069961000,55,069,961000,68.7,1.6739,3
55071000100,55,071,000100,74.4,1.7687,3
55071000200,55,071,000200,82.9,2.3686,3
55071000300,55,071,000300,76.2,2.682,3
55071000400,55,071,000400,82.1,2.8489,3
55071000600,55,071,000600,74.4,1.6428,3
55071000700,55,071,000700,74.9,1.4976,3
55071000800,55,071,000800,81.2,2.576,3
55071005200,55,071,005200,80.4,1.442,3
55071005300,55,071,005300,78.3,2.3951,3
55071005400,55,071,005400,74.1,3.3877,1
55071010100,55,071,010100,83.3,1.5866,3
55071010200,55,071,010200,84.2,1.9425,3
55071010300,55,071,010300,81.7,1.6088,3
55071010400,55,071,010400,83.3,1.3497,3
55071010600,55,071,010600,81.5,1.3858,3
55071010700,55,071,010700,81.1,1.7435,3
55073000100,55,073,000100,74.2,1.9471,3
55073000200,55,073,000200,82.2,2.6156,3
55073000300,55,073,000300,80,1.7544,3
55073000400,55,073,000400,77.1,1.3934,3
55073000500,55,073,000500,84,2.9384,3
55073000601,55,073,000601,79,1.9403,3
55073000602,55,073,000602,75.4,2.334,3
55073000700,55,073,000700,78.9,1.7982,3
55073000800,55,073,000800,72.5,1.3207,3
55073000900,55,073,000900,80.3,2.3035,3
55073001000,55,073,001000,79.9,1.5732,3
55073001102,55,073,001102,81.8,1.6331,3
55073001103,55,073,001103,82.6,3.0182,3
55073001104,55,073,001104,75.5,1.366,3
55073001201,55,073,001201,80.6,1.1353,1
55073001202,55,073,001202,82,2.6241,3
55073001300,55,073,001300,77.4,1.5135,3
55073001400,55,073,001400,82.4,1.7157,3
55073001500,55,073,001500,84.5,1.9989,3
55073001600,55,073,001600,82.3,0.8516,3
55073001700,55,073,001700,86.7,2.3622,3
55073001800,55,073,001800,83,1.3121,3
55073001900,55,073,001900,83.8,1.1524,3
55073002000,55,073,002000,85.2,1.8655,3
55073002100,55,073,002100,78.9,0.9333,3
55073002200,55,073,002200,78,1.53,3
55073002300,55,073,002300,82.9,1.101,3
55075960100,55,075,960100,76.4,1.2652,3
55075960600,55,075,960600,78.5,2.4625,3
55075960700,55,075,960700,80.7,3.0174,3
55075960800,55,075,960800,77.3,1.8251,3
55075960900,55,075,960900,86.1,3.3447,3
55075961000,55,075,961000,82.3,1.7861,3
55075961100,55,075,961100,76.1,1.2344,1
55075961200,55,075,961200,80.5,2.8442,3
55075961300,55,075,961300,79.1,1.8681,3
55075961400,55,075,961400,79.4,2.6074,3
55075961500,55,075,961500,74.1,1.4333,3
55077960100,55,077,960100,79.1,1.836,3
55077960200,55,077,960200,75.6,1.6383,3
55077960300,55,077,960300,77.3,1.1599,3
55077960400,55,077,960400,81.4,1.7537,3
55077960500,55,077,960500,80.6,1.3776,3
55078940102,55,078,940102,81.5,2.6517,3
55079000101,55,079,000101,74.4,1.3524,2
55079000102,55,079,000102,73.1,1.9638,3
55079000201,55,079,000201,70.3,1.8641,3
55079000202,55,079,000202,78.5,1.8465,3
55079000302,55,079,000302,73.7,2.3509,3
55079000303,55,079,000303,78.4,3.8728,3
55079000304,55,079,000304,80.9,2.0285,3
55079000400,55,079,000400,75.5,2.8734,3
55079000501,55,079,000501,77.7,1.9056,3
55079000502,55,079,000502,67.9,1.7385,3
55079000600,55,079,000600,73.7,1.4147,3
55079000700,55,079,000700,75.5,1.7136,3
55079000800,55,079,000800,75.4,1.6225,3
55079000900,55,079,000900,77,1.3242,3
55079001300,55,079,001300,72.7,2.1888,1
55079001400,55,079,001400,75.4,3.2372,3
55079001600,55,079,001600,76.7,3.1354,3
55079001700,55,079,001700,79.9,2.0699,3
55079002000,55,079,002000,71,1.5665,3
55079002300,55,079,002300,72.7,3.8538,3
55079002400,55,079,002400,69.8,2.6725,3
55079002500,55,079,002500,75.2,2.7783,3
55079002600,55,079,002600,71.9,2.4528,3
55079002700,55,079,002700,75,2.3861,3
55079002800,55,079,002800,72.4,2.0199,2
55079002900,55,079,002900,73.8,2.077,3
55079003000,55,079,003000,75.8,1.584,3
55079003100,55,079,003100,76.9,1.4033,3
55079003200,55,079,003200,76.6,2.1055,3
55079003300,55,079,003300,74.1,1.5964,3
55079003400,55,079,003400,78.8,2.6381,3
55079003500,55,079,003500,77.8,1.8809,3
55079003800,55,079,003800,76.9,2.8922,3
55079003900,55,079,003900,73.3,2.7244,3
55079004000,55,079,004000,76.1,2.7712,3
55079004100,55,079,004100,73.9,2.9976,3
55079004200,55,079,004200,71,1.9876,3
55079004400,55,079,004400,74.4,2.3713,3
55079004500,55,079,004500,69.7,2.0295,3
55079004600,55,079,004600,71.5,1.6094,1
55079004700,55,079,004700,72.2,1.4966,3
55079004800,55,079,004800,71.5,2.1775,3
55079004900,55,079,004900,74.4,1.3808,3
55079005000,55,079,005000,79.9,2.09,3
55079005100,55,079,005100,73.2,1.6085,3
55079005200,55,079,005200,79.8,2.6946,3
55079005300,55,079,005300,81.1,2.6255,3
55079005400,55,079,005400,70.9,1.4405,3
55079005500,55,079,005500,79.1,1.4076,3
55079005600,55,079,005600,83.6,2.9015,3
55079005700,55,079,005700,78.7,2.649,3
55079005800,55,079,005800,80.8,2.9699,3
55079005900,55,079,005900,75.6,1.5009,2
55079006200,55,079,006200,70.2,2.2253,3
55079006400,55,079,006400,71.5,2.4252,3
55079006500,55,079,006500,68.7,2.5039,3
55079006600,55,079,006600,71.8,2.4624,3
55079006700,55,079,006700,68.7,2.6752,3
55079006800,55,079,006800,72.3,1.6933,3
55079006900,55,079,006900,72.2,1.871,3
55079007000,55,079,007000,73,1.7957,2
55079007100,55,079,007100,78.8,2.3384,3
55079007200,55,079,007200,75.3,1.9163,3
55079007900,55,079,007900,78.9,3.2221,3
55079008500,55,079,008500,69.4,2.8832,3
55079008600,55,079,008600,68.1,2.4733,3
55079008800,55,079,008800,71.1,2.5892,3
55079009000,55,079,009000,71,2.2788,3
55079009100,55,079,009100,74.5,2.1997,3
55079009300,55,079,009300,76.5,1.7627,2
55079009400,55,079,009400,82,3.5412,3
55079009500,55,079,009500,80.2,1.875,2
55079010600,55,079,010600,73.8,3.4736,3
55079011100,55,079,011100,76.3,2.9797,3
55079012400,55,079,012400,83.8,3.9479,3
55079012500,55,079,012500,79.6,2.1451,3
55079012700,55,079,012700,79.8,2.6186,3
55079012800,55,079,012800,79.1,2.7761,3
55079012900,55,079,012900,76.4,1.7142,3
55079013000,55,079,013000,77.3,2.7308,3
55079013300,55,079,013300,73.4,3.3008,3
55079013700,55,079,013700,69.6,2.5608,3
55079014300,55,079,014300,80.6,1.9934,3
55079015700,55,079,015700,77,2.1043,3
55079015800,55,079,015800,72.7,2.0193,3
55079015900,55,079,015900,76.9,1.546,3
55079016100,55,079,016100,77.9,1.7961,3
55079016200,55,079,016200,74.4,2.1917,3
55079016300,55,079,016300,79.2,2.6621,3
55079016500,55,079,016500,73.2,1.7988,3
55079016600,55,079,016600,76.2,3.7736,3
55079016700,55,079,016700,73.2,2.4666,3
55079016800,55,079,016800,76.5,2.124,3
55079016900,55,079,016900,73.5,1.5541,3
55079017000,55,079,017000,76.6,1.4751,3
55079017200,55,079,017200,76.4,2.4244,3
55079017400,55,079,017400,72.1,2.1337,3
55079017500,55,079,017500,71,3.2796,3
55079017900,55,079,017900,77.5,3.2979,3
55079018000,55,079,018000,76.7,2.0516,3
55079018100,55,079,018100,77.2,3.2398,3
55079018200,55,079,018200,80.6,1.9875,3
55079018300,55,079,018300,79.9,2.5571,3
55079018400,55,079,018400,77.3,2.1086,3
55079018500,55,079,018500,75.6,1.861,3
55079018600,55,079,018600,75.2,2.1008,3
55079018700,55,079,018700,76.7,2.4755,3
55079018800,55,079,018800,79,2.52,3
55079019000,55,079,019000,82.5,2.163,3
55079019100,55,079,019100,74.6,1.4921,3
55079019200,55,079,019200,76.6,1.8217,3
55079019300,55,079,019300,80.6,2.3636,3
55079019400,55,079,019400,79,1.4989,3
55079019500,55,079,019500,81.2,1.7239,3
55079019600,55,079,019600,79,2.3378,3
55079019700,55,079,019700,79.4,2.0166,3
55079019800,55,079,019800,80.2,2.4184,3
55079019900,55,079,019900,79.1,2.7537,3
55079020000,55,079,020000,73.9,1.7597,3
55079020100,55,079,020100,74.4,1.8116,3
55079020200,55,079,020200,75.5,1.7807,3
55079020300,55,079,020300,78.2,2.3088,3
55079020400,55,079,020400,80,2.468,3
55079020600,55,079,020600,79.7,2.3074,3
55079020700,55,079,020700,78.7,1.8064,3
55079020800,55,079,020800,78.8,2.9556,3
55079020900,55,079,020900,78.4,3.2561,3
55079021000,55,079,021000,78.8,1.9104,3
55079021100,55,079,021100,79.5,2.4361,3
55079021200,55,079,021200,77.5,1.8396,3
55079021300,55,079,021300,71.5,2.7452,3
55079021400,55,079,021400,74.6,2.236,3
55079021500,55,079,021500,80.8,2.0435,3
55079021600,55,079,021600,77.2,1.3082,3
55079021700,55,079,021700,78.5,1.2959,3
55079021800,55,079,021800,77.7,2.1228,3
55079030100,55,079,030100,81.5,1.1347,3
55079035100,55,079,035100,85.8,2.5738,3
55079035200,55,079,035200,85.6,2.347,3
55079040100,55,079,040100,79.2,1.8351,3
55079050101,55,079,050101,80.6,1.554,3
55079050102,55,079,050102,79,1.8899,3
55079060101,55,079,060101,80.9,1.7366,3
55079060102,55,079,060102,80.2,1.7899,3
55079060200,55,079,060200,72.6,1.4805,3
55079070100,55,079,070100,87.4,3.7778,3
55079070200,55,079,070200,86.6,2.9941,3
55079070300,55,079,070300,89,2.6798,3
55079080200,55,079,080200,80.4,2.0845,3
55079080300,55,079,080300,83.6,2.5951,3
55079080400,55,079,080400,81.6,2.0604,3
55079090100,55,079,090100,70.4,1.5618,3
55079090200,55,079,090200,85,3.2869,3
55079090300,55,079,090300,81,2.1892,3
55079090600,55,079,090600,74,1.5712,3
55079090700,55,079,090700,84.4,2.3605,3
55079090800,55,079,090800,81.1,2.0897,3
55079090900,55,079,090900,72.3,1.4693,3
55079091000,55,079,091000,81.1,1.9207,3
55079091100,55,079,091100,83.5,2.1142,3
55079091200,55,079,091200,76.8,1.8959,3
55079091300,55,079,091300,83.3,2.782,3
55079091400,55,079,091400,83.4,2.8714,3
55079100100,55,079,100100,79.1,1.5474,2
55079100300,55,079,100300,72.4,1.9103,3
55079100400,55,079,100400,72.5,1.9062,3
55079100500,55,079,100500,73.3,1.6704,3
55079100600,55,079,100600,75.4,2.3594,3
55079100700,55,079,100700,74,3.3146,3
55079100800,55,079,100800,77,1.7721,3
55079100900,55,079,100900,76.7,1.9203,3
55079101000,55,079,101000,77.1,1.7549,3
55079101100,55,079,101100,75.2,2.6229,3
55079101200,55,079,101200,71.1,1.9551,3
55079101300,55,079,101300,77.7,1.7287,3
55079101400,55,079,101400,73.7,1.9377,3
55079101500,55,079,101500,74.6,1.2025,1
55079101600,55,079,101600,75.8,1.3645,3
55079101700,55,079,101700,75.7,1.2782,3
55079101800,55,079,101800,76.5,2.05,3
55079110100,55,079,110100,74.2,1.6074,3
55079120101,55,079,120101,75.8,1.2515,3
55079120102,55,079,120102,75.2,1.4513,3
55079120201,55,079,120201,79.1,2.1821,3
55079120202,55,079,120202,77.1,1.7469,3
55079120203,55,079,120203,76.8,1.6266,3
55079120400,55,079,120400,76.8,1.6759,3
55079120501,55,079,120501,81.7,1.6428,3
55079130100,55,079,130100,79.9,1.5255,3
55079140100,55,079,140100,82.4,2.3603,3
55079140201,55,079,140201,80.2,1.7046,3
55079140202,55,079,140202,79.6,2.0642,3
55079150100,55,079,150100,80.4,1.3862,3
55079150301,55,079,150301,80.2,1.5079,2
55079150303,55,079,150303,79.6,1.5189,3
55079150304,55,079,150304,79.6,1.9919,3
55079160100,55,079,160100,76.2,1.1426,3
55079160202,55,079,160202,78.8,1.3917,3
55079160203,55,079,160203,82,2.8174,3
55079160204,55,079,160204,76.9,1.6439,3
55079160300,55,079,160300,78.8,1.54,3
55079170200,55,079,170200,80.9,1.7393,3
55079170300,55,079,170300,78,2.5247,3
55079170400,55,079,170400,80.1,1.7889,3
55079170500,55,079,170500,65.9,2.9221,3
55079170600,55,079,170600,72.9,1.5287,3
55079170700,55,079,170700,77.1,1.7502,3
55079180100,55,079,180100,79.9,1.754,3
55079180200,55,079,180200,75,1.3845,3
55079180300,55,079,180300,73.1,2.5553,3
55079180400,55,079,180400,79.8,2.7187,3
55079180500,55,079,180500,76.4,1.3218,3
55079185100,55,079,185100,80,2.1069,3
55079185200,55,079,185200,78.5,1.8679,3
55079185300,55,079,185300,79.9,2.354,3
55079185600,55,079,185600,72.2,2.1483,3
55079185700,55,079,185700,76.4,3.0983,3
55079185900,55,079,185900,69.8,2.7744,3
55079186000,55,079,186000,73.2,2.5258,3
55079186100,55,079,186100,72.5,2.2862,3
55079186200,55,079,186200,73.2,2.193,3
55079186500,55,079,186500,78.9,2.0185,3
55079186600,55,079,186600,72.5,2.1856,3
55079187200,55,079,187200,81.8,1.66,3
55079187300,55,079,187300,81.5,2.2912,3
55081950100,55,081,950100,82.5,1.3214,3
55081950200,55,081,950200,78.5,1.3817,3
55081950300,55,081,950300,77.4,1.1049,3
55081950400,55,081,950400,75.8,1.3677,3
55081950500,55,081,950500,76.7,1.2222,3
55081950600,55,081,950600,72.6,1.5848,3
55081950700,55,081,950700,81.9,1.4568,3
55081950800,55,081,950800,84.1,1.4854,3
55081950900,55,081,950900,82.7,1.4272,3
55083100300,55,083,100300,79.9,2.341,3
55083100500,55,083,100500,78,1.7227,3
55083100600,55,083,100600,77.1,1.3547,3
55083100700,55,083,100700,80.2,1.5992,3
55083100800,55,083,100800,81.2,1.7857,3
55083100900,55,083,100900,79.3,1.7191,3
55083101000,55,083,101000,75.8,1.6632,3
55083101100,55,083,101100,80.8,1.4788,3
55083101200,55,083,101200,75.7,1.2901,3
55083101300,55,083,101300,81.5,1.6407,3
55085970101,55,085,970101,78.9,2.537,3
55085970102,55,085,970102,80.1,1.0489,3
55085970400,55,085,970400,71.8,1.6308,3
55085970500,55,085,970500,80.6,2.2218,3
55085970601,55,085,970601,78.3,1.2101,3
55085970602,55,085,970602,77.8,1.1711,3
55085970800,55,085,970800,79.6,2.3882,3
55085970900,55,085,970900,84.2,2.6405,3
55085971001,55,085,971001,77.3,2.2012,3
55085971100,55,085,971100,79.8,1.509,3
55085971300,55,085,971300,78.7,2.013,3
55085971400,55,085,971400,76.8,1.8587,3
55087010100,55,087,010100,77.2,2.1726,3
55087010200,55,087,010200,77.8,1.5467,3
55087010300,55,087,010300,71.5,3.2748,3
55087010500,55,087,010500,80.2,2.1415,3
55087010601,55,087,010601,77.1,1.6469,3
55087010602,55,087,010602,84,2.8057,3
55087010700,55,087,010700,82.2,2.2838,3
55087010800,55,087,010800,69.7,1.9273,3
55087010900,55,087,010900,79.9,1.8986,3
55087011000,55,087,011000,79.3,1.8934,3
55087011101,55,087,011101,78.7,1.4426,3
55087011102,55,087,011102,74.4,1.3684,3
55087011200,55,087,011200,74.8,1.6628,3
55087011400,55,087,011400,74.4,1.4804,3
55087011501,55,087,011501,81.2,2.0033,3
55087011502,55,087,011502,81.2,2.1186,3
55087011700,55,087,011700,76.1,2.5602,3
55087011800,55,087,011800,78,2.5961,3
55087011900,55,087,011900,79.4,1.4017,3
55087012000,55,087,012000,80.5,1.7199,3
55087012100,55,087,012100,77.6,1.0617,3
55087012200,55,087,012200,76.5,2.3876,3
55087012300,55,087,012300,77.3,2.1888,3
55087012400,55,087,012400,79,1.741,3
55087012504,55,087,012504,83.2,2.305,3
55087012505,55,087,012505,82.3,2.2981,3
55087012506,55,087,012506,75.9,1.3922,3
55087012601,55,087,012601,82.6,1.4304,3
55087012700,55,087,012700,81.8,1.6857,3
55087012800,55,087,012800,84.9,1.725,3
55087012902,55,087,012902,80.4,1.3204,3
55087013100,55,087,013100,79.1,1.5647,3
55087013200,55,087,013200,82.7,2.0763,3
55087013300,55,087,013300,79.4,1.038,3
55087940000,55,087,940000,84.1,2.7317,3
55089610101,55,089,610101,79.8,2.0773,3
55089610102,55,089,610102,81.9,1.5943,3
55089620100,55,089,620100,80.7,1.4198,3
55089630100,55,089,630100,78.3,1.5649,2
55089630201,55,089,630201,80,1.7494,3
55089630202,55,089,630202,79,1.3397,3
55089640100,55,089,640100,82,1.9928,3
55089640200,55,089,640200,81.5,1.4778,3
55089650102,55,089,650102,82.1,2.1291,3
55089650200,55,089,650200,81.8,2.2556,3
55089650300,55,089,650300,76.1,1.3821,3
55089660100,55,089,660100,80.1,1.6108,3
55089660201,55,089,660201,83.2,2.121,3
55089660202,55,089,660202,82.4,2.0935,3
55089660301,55,089,660301,83.5,2.0903,3
55089660303,55,089,660303,80.6,1.8805,3
55089660304,55,089,660304,88.2,3.8773,3
55091950100,55,091,950100,82.5,1.6562,3
55091950200,55,091,950200,80.5,1.3254,3
55093960100,55,093,960100,82.3,1.7104,3
55093960200,55,093,960200,79.4,1.1604,3
55093960300,55,093,960300,79.5,1.8304,3
55093960500,55,093,960500,80.5,1.1643,3
55093960600,55,093,960600,83,1.7952,3
55093960700,55,093,960700,80.9,1.8645,3
55093960800,55,093,960800,81.5,1.4967,3
55095960100,55,095,960100,76.8,1.3507,3
55095960200,55,095,960200,78.2,1.5449,3
55095960300,55,095,960300,79.8,1.1031,3
55095960500,55,095,960500,81.2,1.5593,3
55095960600,55,095,960600,80,1.6654,3
55095960700,55,095,960700,77.8,1.0447,3
55095960800,55,095,960800,81.1,1.2329,3
55095960900,55,095,960900,80.5,1.4793,3
55095961000,55,095,961000,73.6,2.0849,3
55095961100,55,095,961100,77.6,2.6659,3
55097960100,55,097,960100,83.3,1.6993,3
55097960200,55,097,960200,86.8,2.2711,3
55097960300,55,097,960300,82.3,3.376,3
55097960600,55,097,960600,82.9,1.4775,3
55097960701,55,097,960701,80.4,1.4951,3
55097960702,55,097,960702,86.1,3.0697,3
55097960800,55,097,960800,81.2,1.4654,3
55097960900,55,097,960900,78.6,1.9992,3
55097961000,55,097,961000,76.6,2.8805,3
55097961100,55,097,961100,75.9,1.3044,3
55097961300,55,097,961300,83.3,1.4072,3
55099970100,55,099,970100,83.9,2.0228,3
55099970200,55,099,970200,73.9,1.6456,3
55099970400,55,099,970400,87.3,3.2591,3
55099970500,55,099,970500,69.8,2.5755,3
55099970600,55,099,970600,79,1.3496,3
55101000200,55,101,000200,76.2,1.4603,3
55101000400,55,101,000400,71.5,1.6469,3
55101000500,55,101,000500,72,1.887,3
55101000600,55,101,000600,75.6,1.469,3
55101000700,55,101,000700,78.5,2.2822,3
55101000800,55,101,000800,76.5,1.2693,3
55101000901,55,101,000901,81.8,2.8175,3
55101000904,55,101,000904,76.2,1.6024,3
55101001001,55,101,001001,68.9,1.8177,3
55101001002,55,101,001002,80.2,3.2585,3
55101001003,55,101,001003,75.8,2.0383,3
55101001100,55,101,001100,80.2,1.6367,3
55101001202,55,101,001202,76.5,1.8528,3
55101001301,55,101,001301,82.1,2.8502,3
55101001302,55,101,001302,77.4,1.7661,3
55101001400,55,101,001400,78.6,1.8019,3
55101001501,55,101,001501,77.6,2.0735,3
55101001502,55,101,001502,79.3,1.4258,3
55101001504,55,101,001504,76.2,1.6676,3
55101001505,55,101,001505,81.6,2.17,3
55101001601,55,101,001601,79.8,1.8426,3
55101001701,55,101,001701,74.5,1.623,3
55101001702,55,101,001702,78.5,1.4099,3
55101001703,55,101,001703,79.3,1.6894,3
55101001705,55,101,001705,82.5,2.1889,3
55101001706,55,101,001706,77.7,2.1232,3
55101001801,55,101,001801,76.8,1.2833,3
55101001802,55,101,001802,78.8,1.5949,3
55101001900,55,101,001900,82.9,2.0659,3
55101002001,55,101,002001,80.1,2.1839,3
55101002002,55,101,002002,81.2,1.7387,3
55101002100,55,101,002100,73.8,1.3783,3
55101002401,55,101,002401,80.5,1.7112,3
55101002402,55,101,002402,76,1.3955,3
55101002600,55,101,002600,77.7,1.5706,3
55101002702,55,101,002702,82.7,2.1587,3
55101002800,55,101,002800,81.4,1.574,3
55103970100,55,103,970100,81.3,1.3788,3
55103970200,55,103,970200,84.4,1.6075,3
55103970300,55,103,970300,83.1,2.4697,3
55103970400,55,103,970400,76,1.6327,3
55103970500,55,103,970500,79.2,1.3442,3
55105000100,55,105,000100,76.7,2.7619,3
55105000300,55,105,000300,73.5,1.8106,3
55105000400,55,105,000400,77.7,1.3045,3
55105000500,55,105,000500,78.2,1.4876,3
55105000600,55,105,000600,77,1.8959,3
55105000800,55,105,000800,77.7,1.7361,3
55105000900,55,105,000900,80.8,2.0926,3
55105001000,55,105,001000,78,1.4546,3
55105001100,55,105,001100,75,0.9735,2
55105001201,55,105,001201,80.3,1.9093,3
55105001202,55,105,001202,78.4,1.2406,3
55105001302,55,105,001302,80.9,1.4343,3
55105001304,55,105,001304,79.5,1.81,3
55105001400,55,105,001400,78.3,1.2556,3
55105001500,55,105,001500,69.8,2.2692,3
55105001600,55,105,001600,71.9,3.7806,3
55105001700,55,105,001700,76.6,1.5164,3
55105002000,55,105,002000,77.8,1.914,3
55105002100,55,105,002100,76.7,2.2272,3
55105002200,55,105,002200,79.3,1.9696,3
55105002300,55,105,002300,73.8,2.5381,3
55105002500,55,105,002500,71.5,1.781,3
55105002601,55,105,002601,77.2,1.682,3
55105002602,55,105,002602,80.4,2.2182,3
55105002700,55,105,002700,80.7,2.1022,3
55105002800,55,105,002800,85,2.1175,3
55105002900,55,105,002900,80.7,1.4826,3
55105003001,55,105,003001,79.1,1.7835,3
55105003002,55,105,003002,86.4,3.4428,3
55105003100,55,105,003100,79.3,1.2751,3
55105003200,55,105,003200,80.6,2.059,3
55105003300,55,105,003300,75.4,1.3709,3
55107960100,55,107,960100,85.2,2.4556,3
55107960200,55,107,960200,81.6,1.8671,3
55107960300,55,107,960300,80.2,1.6846,3
55107960400,55,107,960400,81.5,1.5711,3
55109120100,55,109,120100,78.4,1.8887,3
55109120201,55,109,120201,81,1.876,3
55109120300,55,109,120300,80.3,2.3495,3
55109120400,55,109,120400,80.1,1.49,3
55109120501,55,109,120501,77.2,1.4301,3
55109120502,55,109,120502,79.2,1.5539,3
55109120600,55,109,120600,81.2,1.6127,1
55109120700,55,109,120700,80.2,1.3664,3
55109120800,55,109,120800,79.4,0.9091,3
55109120901,55,109,120901,76.6,1.6195,3
55109120903,55,109,120903,80.1,1.7285,1
55109120904,55,109,120904,83.6,2.5019,3
55109121000,55,109,121000,78.7,1.1361,3
55111000100,55,111,000100,87.7,2.6039,3
55111000200,55,111,000200,79.6,1.2679,3
55111000300,55,111,000300,77.8,2.8258,3
55111000401,55,111,000401,76.7,1.2979,3
55111000402,55,111,000402,81.4,1.9278,3
55111000500,55,111,000500,81.5,1.8397,3
55111000600,55,111,000600,81.8,1.8402,1
55111000700,55,111,000700,80,1.8153,3
55111000800,55,111,000800,78.4,1.4004,3
55111000900,55,111,000900,82.9,1.3738,3
55111001001,55,111,001001,76.6,1.4979,3
55111001002,55,111,001002,72.6,1.5638,3
55111001100,55,111,001100,85.6,1.821,3
55113100300,55,113,100300,75.7,1.2675,3
55113100400,55,113,100400,79.4,1.9596,3
55113100500,55,113,100500,75.2,2.3817,3
55113100700,55,113,100700,79.9,2.0431,3
55113100800,55,113,100800,80.3,2.3012,3
55113940000,55,113,940000,74.5,1.4756,3
55115100100,55,115,100100,81.8,1.6505,3
55115100200,55,115,100200,77,2.9797,3
55115100300,55,115,100300,77.4,1.2113,3
55115100500,55,115,100500,74.9,1.4219,3
55115100600,55,115,100600,81.7,1.308,3
55115100700,55,115,100700,81.4,1.5184,3
55115100800,55,115,100800,77.2,1.1784,3
55115100900,55,115,100900,79.4,1.6354,3
55115101000,55,115,101000,80.4,1.299,3
55115101100,55,115,101100,83.7,1.9126,3
55117000100,55,117,000100,79,1.346,3
55117000201,55,117,000201,76.2,1.734,3
55117000202,55,117,000202,74,1.4276,3
55117000300,55,117,000300,83.1,2.0266,1
55117000400,55,117,000400,73,1.4544,3
55117000500,55,117,000500,75.2,2.0228,3
55117000800,55,117,000800,77.5,1.6721,3
55117000900,55,117,000900,79.3,1.8791,3
55117001000,55,117,001000,79,1.2129,1
55117001100,55,117,001100,80,1.8774,3
55117010100,55,117,010100,81.8,3.45,3
55117010200,55,117,010200,81.1,1.2592,3
55117010300,55,117,010300,81,2.9184,3
55117010400,55,117,010400,84.8,3.1095,3
55117010501,55,117,010501,76.9,1.711,3
55117010502,55,117,010502,72.6,1.4902,3
55117010601,55,117,010601,75.6,1.5683,3
55117010602,55,117,010602,77.1,2.7927,3
55117010700,55,117,010700,81.2,1.2632,3
55117010800,55,117,010800,79.5,1.5462,3
55117010900,55,117,010900,81.9,1.7971,3
55117011000,55,117,011000,80.9,1.5228,3
55117011100,55,117,011100,79.8,1.9909,3
55117011200,55,117,011200,77.4,0.9382,3
55117011300,55,117,011300,84.4,1.677,3
55119960100,55,119,960100,81.8,1.3712,3
55119960200,55,119,960200,86.1,2.0757,3
55119960300,55,119,960300,85.4,2.3591,3
55119960400,55,119,960400,84.5,3.2035,3
55119960600,55,119,960600,81.5,1.4924,3
55121100100,55,121,100100,81.4,1.6147,3
55121100200,55,121,100200,80.3,1.2101,3
55121100300,55,121,100300,81.8,2.0304,3
55121100400,55,121,100400,79.2,1.5112,3
55121100500,55,121,100500,77.2,1.3573,3
55121100600,55,121,100600,79.8,1.7188,3
55121100700,55,121,100700,86.8,2.2094,3
55121100800,55,121,100800,80.1,1.3924,3
55123960100,55,123,960100,85.2,1.7142,1
55123960200,55,123,960200,79.6,1.1144,3
55123960300,55,123,960300,80.4,1.6991,3
55123960400,55,123,960400,74.9,1.6444,3
55123960500,55,123,960500,83.5,1.997,3
55123960600,55,123,960600,83.8,1.4885,3
55123960700,55,123,960700,79.8,1.1507,3
55125940000,55,125,940000,83,2.5433,3
55125950200,55,125,950200,76.3,1.737,3
55125950500,55,125,950500,78.7,1.24,3
55125950600,55,125,950600,79.3,2.6496,3
55125950700,55,125,950700,77.8,1.6996,3
55127000101,55,127,000101,78.4,2.1507,3
55127000200,55,127,000200,81.7,1.1705,3
55127000301,55,127,000301,81.9,1.5782,3
55127000302,55,127,000302,79.6,1.542,2
55127000400,55,127,000400,73.2,1.7739,3
55127000502,55,127,000502,79.9,2.476,3
55127000600,55,127,000600,78.6,1.0273,3
55127000701,55,127,000701,81.1,2.2576,3
55127000702,55,127,000702,78,1.8374,3
55127000800,55,127,000800,77.4,1.1435,3
55127000901,55,127,000901,76.5,1.743,3
55127001000,55,127,001000,79.6,1.6165,3
55127001501,55,127,001501,82,3.0295,3
55127001502,55,127,001502,80,1.3597,3
55127001602,55,127,001602,79.3,1.4019,3
55127001603,55,127,001603,78.1,2.0279,3
55127001604,55,127,001604,78.3,1.4631,1
55127001701,55,127,001701,79.1,1.6195,3
55127001702,55,127,001702,78.5,1.1764,3
55129950100,55,129,950100,74.3,3.6917,3
55129950200,55,129,950200,76.7,1.7922,3
55129950300,55,129,950300,78.8,1.7078,3
55129950500,55,129,950500,76.9,1.3016,3
55129950600,55,129,950600,79.4,1.1174,3
55131400102,55,131,400102,79.7,1.9534,3
55131400103,55,131,400103,80,1.6145,3
55131400104,55,131,400104,79.3,1.1261,3
55131410100,55,131,410100,79.3,1.2451,3
55131420103,55,131,420103,77,1.5577,3
55131420104,55,131,420104,84.7,2.2902,3
55131420105,55,131,420105,82.5,3.6079,3
55131420106,55,131,420106,78.3,1.804,3
55131420200,55,131,420200,81.4,1.7504,3
55131420300,55,131,420300,76.3,1.4801,3
55131420401,55,131,420401,76.8,1.9415,3
55131420402,55,131,420402,79.5,2.3898,3
55131430100,55,131,430100,81.6,1.5485,3
55131440103,55,131,440103,78,1.7218,3
55131440104,55,131,440104,81.2,2.6593,3
55131440106,55,131,440106,80.7,2.2545,3
55131440200,55,131,440200,76.5,1.3835,3
55131450103,55,131,450103,82.8,3.0361,3
55131450104,55,131,450104,79.7,1.253,3
55131450105,55,131,450105,77.7,1.2395,3
55131450106,55,131,450106,80.1,1.6768,3
55131460101,55,131,460101,82.7,2.848,3
55131460102,55,131,460102,82.5,1.8104,3
55131470100,55,131,470100,78.5,1.9917,3
55131470202,55,131,470202,81.2,2.0195,3
55131470203,55,131,470203,78.4,1.7231,3
55133200101,55,133,200101,78.1,1.1347,3
55133200102,55,133,200102,83.8,2.1717,3
55133200103,55,133,200103,80.3,1.813,3
55133200202,55,133,200202,85.1,2.3609,3
55133200300,55,133,200300,78.9,1.4536,3
55133200400,55,133,200400,81.1,1.7304,3
55133200500,55,133,200500,81.4,1.3548,3
55133200700,55,133,200700,79.9,1.789,3
55133200803,55,133,200803,82.6,1.7112,3
55133200804,55,133,200804,84.7,2.1483,3
55133200901,55,133,200901,79.4,1.5479,3
55133200902,55,133,200902,79.3,2.0247,3
55133201000,55,133,201000,83.2,1.7269,3
55133201101,55,133,201101,82.1,1.4829,3
55133201102,55,133,201102,82,1.8993,3
55133201201,55,133,201201,79.8,2.5852,3
55133201202,55,133,201202,79.9,2.0796,3
55133201203,55,133,201203,78.4,1.8926,3
55133201300,55,133,201300,81.7,1.7164,3
55133201402,55,133,201402,75.5,1.9924,3
55133201403,55,133,201403,81.5,1.675,3
55133201404,55,133,201404,78.9,1.9604,3
55133201503,55,133,201503,85.8,2.2098,3
55133201505,55,133,201505,84.1,2.755,3
55133201506,55,133,201506,82,2.0094,3
55133201600,55,133,201600,80.3,1.3385,3
55133201701,55,133,201701,77.1,2.649,3
55133201703,55,133,201703,81.7,1.8254,3
55133201800,55,133,201800,82.3,2.4958,3
55133201900,55,133,201900,82.1,1.764,3
55133202001,55,133,202001,80.1,1.492,3
55133202002,55,133,202002,79.9,1.5075,3
55133202101,55,133,202101,85.2,2.3474,3
55133202102,55,133,202102,83.3,3.8174,3
55133202202,55,133,202202,72,1.3878,3
55133202301,55,133,202301,83.4,2.0663,3
55133202302,55,133,202302,77.3,1.2362,3
55133202400,55,133,202400,79.5,1.5581,3
55133202500,55,133,202500,81.5,2.2336,3
55133202600,55,133,202600,78.1,2.6947,3
55133202800,55,133,202800,73.3,1.9922,3
55133202901,55,133,202901,84.4,2.7976,3
55133202902,55,133,202902,82.3,2.0161,3
55133203000,55,133,203000,78.9,2.1158,3
55133203101,55,133,203101,82.5,1.7503,3
55133203102,55,133,203102,78.1,1.2428,3
55133203103,55,133,203103,78.7,1.6497,3
55133203200,55,133,203200,83.1,2.0646,3
55133203304,55,133,203304,78.3,1.3167,3
55133203305,55,133,203305,80.1,1.1721,3
55133203306,55,133,203306,76.7,0.9984,3
55133203402,55,133,203402,80.4,1.7397,3
55133203403,55,133,203403,83.2,3.5471,3
55133203404,55,133,203404,82.5,2.5841,3
55133203406,55,133,203406,81.2,1.976,3
55133203500,55,133,203500,84.9,2.0095,3
55133203601,55,133,203601,82.2,2.0527,3
55133203702,55,133,203702,83.7,2.1201,3
55133203703,55,133,203703,83.1,2.4397,3
55133203704,55,133,203704,83.7,1.9763,3
55133203802,55,133,203802,84.9,2.6561,3
55133203803,55,133,203803,81.8,1.6491,3
55133203804,55,133,203804,78.3,1.9671,3
55133203901,55,133,203901,81,1.7044,3
55133203902,55,133,203902,78.8,1.6407,3
55133204002,55,133,204002,83.5,2.5343,3
55133204003,55,133,204003,76.4,1.6551,3
55133204004,55,133,204004,87.2,3.5151,3
55133204100,55,133,204100,78.5,0.9301,3
55133204200,55,133,204200,77.2,1.3605,3
55133204301,55,133,204301,81.7,3.9029,3
55133204302,55,133,204302,74.5,1.4457,3
55133204400,55,133,204400,82,1.9924,3
55133204502,55,133,204502,81,1.6,3
55135100100,55,135,100100,77.6,1.5019,3
55135100200,55,135,100200,84.7,2.7967,3
55135100300,55,135,100300,78.8,1.5475,3
55135100400,55,135,100400,81.4,1.5524,3
55135100500,55,135,100500,67.7,1.8253,3
55135100600,55,135,100600,80.8,1.2422,3
55135100700,55,135,100700,76.4,1.4842,3
55135100800,55,135,100800,80,1.6593,3
55135100900,55,135,100900,74.8,1.2425,3
55135101000,55,135,101000,74.4,1.4401,3
55135101100,55,135,101100,77.9,1.4991,3
55135101200,55,135,101200,80.1,1.4869,3
55137960100,55,137,960100,80.8,1.8116,3
55137960200,55,137,960200,80.3,1.6407,3
55137960300,55,137,960300,76.7,1.3246,3
55137960400,55,137,960400,80.2,2.124,3
55137960600,55,137,960600,82.6,2.8037,3
55137960800,55,137,960800,76.3,1.0822,3
55139000100,55,139,000100,75.5,1.7131,3
55139000200,55,139,000200,72.3,2.2191,3
55139000300,55,139,000300,78.5,1.8821,3
55139000400,55,139,000400,78.7,2.3977,3
55139000800,55,139,000800,79.1,2.6869,3
55139000900,55,139,000900,75.3,1.8326,3
55139001000,55,139,001000,72.7,1.6885,3
55139001100,55,139,001100,74.1,1.6139,3
55139001200,55,139,001200,79,2.2045,3
55139001300,55,139,001300,78.9,2.0387,3
55139001400,55,139,001400,77,1.4754,3
55139001500,55,139,001500,80.5,2.2105,3
55139001600,55,139,001600,77.2,1.4844,3
55139001700,55,139,001700,81.6,1.9702,3
55139001801,55,139,001801,79.5,1.6953,3
55139001803,55,139,001803,83.1,2.2793,3
55139001804,55,139,001804,78.5,1.207,3
55139001900,55,139,001900,84.3,1.958,3
55139002000,55,139,002000,79.3,1.2585,3
55139002100,55,139,002100,86.2,2.0917,3
55139002201,55,139,002201,81.1,1.3761,3
55139002202,55,139,002202,81.5,1.6861,3
55139002300,55,139,002300,81.1,1.0079,3
55139002400,55,139,002400,78.2,3.931,3
55139002500,55,139,002500,76.5,1.6706,3
55139002601,55,139,002601,78.7,1.6631,3
55139002602,55,139,002602,76.8,1.0621,3
55139002800,55,139,002800,81,2.561,3
55139002900,55,139,002900,76.8,2.673,3
55139003000,55,139,003000,76.9,2.17,3
55139003100,55,139,003100,78.4,2.3203,3
55139003200,55,139,003200,81.5,1.9413,3
55139003300,55,139,003300,77.4,2.9839,2
55139003400,55,139,003400,77.6,1.5277,3
55139003600,55,139,003600,83.9,2.2667,3
55139003701,55,139,003701,79,1.8879,3
55139003702,55,139,003702,79.4,1.0427,3
55141010100,55,141,010100,80.4,1.2733,3
55141010200,55,141,010200,80.2,1.3424,3
55141010300,55,141,010300,81.5,2.5574,3
55141010400,55,141,010400,77.5,1.7749,3
55141010500,55,141,010500,78.3,1.7119,3
55141010600,55,141,010600,77.4,1.5434,3
55141010700,55,141,010700,83.3,1.4185,3
55141010800,55,141,010800,85.9,2.7211,3
55141011000,55,141,011000,74.3,1.7188,3
55141011100,55,141,011100,79.9,1.5263,3
55141011200,55,141,011200,78.7,2.0344,3
55141011400,55,141,011400,72.5,1.479,3
55141011500,55,141,011500,81.7,2.0719,3
55141011600,55,141,011600,82,3.9221,3
55141011700,55,141,011700,79.3,1.2837,3

